d	Min	Max	Mean	Std	ITP	ITP - loading	ITP/d	(ITP-L)/d	comm	mn_a	P95
5	710	1320	911.9	152.7	421.6	353.8	84.32	70.76	600	1310	1817.3
7	770	1850	1159.8	209	557.3	452.6	79.61428571	64.65714286	640	1410	2217.8
9	970	2370	1340.2	199.3	686.1	535.9	76.23333333	59.54444444	680	1650	2418.8
11	1110	4260	1564.9	415.2	838.5	627.5	76.22727273	57.04545455	720	1830	3115.3